域名,过期日期
032.me,2018/2/26
619.me,2018/2/26
840.me,2018/2/26
914.me,2018/2/26
945.me,2018/2/26
124.me,2018/2/28
572.me,2018/3/2
861.me,2018/3/4
224.me,2018/3/5
390.me,2018/3/6
106.me,2018/3/7
107.me,2018/3/7
109.me,2018/3/7
566.me,2018/3/8
830.me,2018/3/8
831.me,2018/3/8
850.me,2018/3/9
991.me,2018/3/9
049.me,2018/3/11
165.me,2018/3/13
171.me,2018/3/13
207.me,2018/3/13
330.me,2018/3/13
331.me,2018/3/13
336.me,2018/3/13
338.me,2018/3/13
355.me,2018/3/13
373.me,2018/3/13
383.me,2018/3/13
385.me,2018/3/13
569.me,2018/3/13
575.me,2018/3/13
585.me,2018/3/13
750.me,2018/3/13
350.me,2018/3/14
515.me,2018/3/14
620.me,2018/3/16
639.me,2018/3/16
609.me,2018/3/17
230.me,2018/3/25
277.me,2018/3/25
838.me,2018/3/28
154.me,2018/3/30
069.me,2018/4/3
174.me,2018/4/3
477.me,2018/4/7
697.me,2018/4/8
374.me,2018/4/9
431.me,2018/4/9
624.me,2018/4/13
270.me,2018/4/20
280.me,2018/4/20
522.me,2018/4/21
508.me,2018/4/24
913.me,2018/4/28
222.me,2018/4/29
247.me,2018/4/29
411.me,2018/4/29
420.me,2018/4/29
800.me,2018/4/29
999.me,2018/4/29
441.me,2018/5/1
640.me,2018/5/1
960.me,2018/5/1
425.me,2018/5/3
044.me,2018/5/7
382.me,2018/5/9
238.me,2018/5/12
019.me,2018/5/13
667.me,2018/5/13
962.me,2018/5/13
309.me,2018/5/16
410.me,2018/5/16
631.me,2018/5/16
502.me,2018/5/17
561.me,2018/5/17
605.me,2018/5/17
283.me,2018/5/18
388.me,2018/5/19
505.me,2018/5/19
560.me,2018/5/19
628.me,2018/5/19
630.me,2018/5/19
218.me,2018/5/20
577.me,2018/5/21
770.me,2018/5/21
321.me,2018/5/23
059.me,2018/5/26
084.me,2018/5/26
091.me,2018/5/28
287.me,2018/5/28
583.me,2018/5/28
719.me,2018/5/28
897.me,2018/5/28
372.me,2018/5/30
725.me,2018/5/30
730.me,2018/5/30
735.me,2018/5/30
883.me,2018/5/31
142.me,2018/6/2
391.me,2018/6/2
791.me,2018/6/2
798.me,2018/6/2
871.me,2018/6/2
048.me,2018/6/4
271.me,2018/6/4
724.me,2018/6/7
097.me,2018/6/9
194.me,2018/6/13
440.me,2018/6/13
075.me,2018/6/15
057.me,2018/6/16
172.me,2018/6/19
099.me,2018/6/20
704.me,2018/6/22
318.me,2018/6/29
427.me,2018/7/5
430.me,2018/7/5
443.me,2018/7/5
470.me,2018/7/5
554.me,2018/7/5
570.me,2018/7/5
590.me,2018/7/5
670.me,2018/7/5
671.me,2018/7/5
675.me,2018/7/5
680.me,2018/7/5
682.me,2018/7/5
690.me,2018/7/5
721.me,2018/7/5
723.me,2018/7/5
740.me,2018/7/5
763.me,2018/7/5
780.me,2018/7/5
790.me,2018/7/5
935.me,2018/7/5
970.me,2018/7/5
231.me,2018/7/6
007.me,2018/7/9
008.me,2018/7/9
009.me,2018/7/9
121.me,2018/7/9
167.me,2018/7/9
169.me,2018/7/9
180.me,2018/7/9
212.me,2018/7/9
301.me,2018/7/9
302.me,2018/7/9
401.me,2018/7/9
456.me,2018/7/9
518.me,2018/7/9
524.me,2018/7/9
689.me,2018/7/9
754.me,2018/7/12
940.me,2018/7/12
622.me,2018/7/14
348.me,2018/7/16
004.me,2018/7/17
005.me,2018/7/17
006.me,2018/7/17
011.me,2018/7/17
012.me,2018/7/17
018.me,2018/7/17
050.me,2018/7/17
063.me,2018/7/17
103.me,2018/7/17
104.me,2018/7/17
105.me,2018/7/17
110.me,2018/7/17
115.me,2018/7/17
119.me,2018/7/17
122.me,2018/7/17
130.me,2018/7/17
133.me,2018/7/17
135.me,2018/7/17
136.me,2018/7/17
151.me,2018/7/17
152.me,2018/7/17
153.me,2018/7/17
155.me,2018/7/17
156.me,2018/7/17
178.me,2018/7/17
181.me,2018/7/17
182.me,2018/7/17
183.me,2018/7/17
185.me,2018/7/17
186.me,2018/7/17
189.me,2018/7/17
190.me,2018/7/17
191.me,2018/7/17
192.me,2018/7/17
193.me,2018/7/17
195.me,2018/7/17
196.me,2018/7/17
198.me,2018/7/17
199.me,2018/7/17
200.me,2018/7/17
202.me,2018/7/17
211.me,2018/7/17
228.me,2018/7/17
234.me,2018/7/17
241.me,2018/7/17
242.me,2018/7/17
252.me,2018/7/17
255.me,2018/7/17
256.me,2018/7/17
258.me,2018/7/17
266.me,2018/7/17
311.me,2018/7/17
323.me,2018/7/17
345.me,2018/7/17
351.me,2018/7/17
371.me,2018/7/17
442.me,2018/7/17
489.me,2018/7/17
529.me,2018/7/17
543.me,2018/7/17
567.me,2018/7/17
597.me,2018/7/17
606.me,2018/7/17
660.me,2018/7/17
678.me,2018/7/17
686.me,2018/7/17
703.me,2018/7/17
711.me,2018/7/17
806.me,2018/7/17
808.me,2018/7/17
863.me,2018/7/17
909.me,2018/7/17
949.me,2018/7/17
955.me,2018/7/17
030.me,2018/7/18
070.me,2018/7/18
080.me,2018/7/18
090.me,2018/7/18
117.me,2018/7/18
132.me,2018/7/18
187.me,2018/7/18
223.me,2018/7/18
305.me,2018/7/18
306.me,2018/7/18
503.me,2018/7/18
550.me,2018/7/18
604.me,2018/7/18
707.me,2018/7/18
718.me,2018/7/18
731.me,2018/7/18
954.me,2018/7/18
313.me,2018/7/19
510.me,2018/7/19
760.me,2018/7/19
855.me,2018/7/19
995.me,2018/7/19
617.me,2018/7/21
889.me,2018/7/21
642.me,2018/7/22
432.me,2018/7/23
654.me,2018/7/23
766.me,2018/7/23
517.me,2018/7/24
845.me,2018/7/24
197.me,2018/7/25
227.me,2018/7/25
326.me,2018/7/27
495.me,2018/7/27
969.me,2018/7/27
013.me,2018/7/28
216.me,2018/7/29
262.me,2018/7/29
276.me,2018/7/29
278.me,2018/7/29
269.me,2018/7/31
783.me,2018/8/2
633.me,2018/8/3
814.me,2018/8/3
101.me,2018/8/4
360.me,2018/8/5
403.me,2018/8/5
407.me,2018/8/5
804.me,2018/8/5
014.me,2018/8/6
082.me,2018/8/6
465.me,2018/8/6
294.me,2018/8/7
884.me,2018/8/8
118.me,2018/8/11
232.me,2018/8/13
244.me,2018/8/13
304.me,2018/8/13
322.me,2018/8/13
332.me,2018/8/13
334.me,2018/8/13
344.me,2018/8/13
402.me,2018/8/13
412.me,2018/8/13
422.me,2018/8/13
655.me,2018/8/13
656.me,2018/8/13
677.me,2018/8/13
856.me,2018/8/13
213.me,2018/8/14
380.me,2018/8/14
458.me,2018/8/17
389.me,2018/8/18
095.me,2018/8/19
243.me,2018/8/21
245.me,2018/8/21
173.me,2018/8/22
087.me,2018/8/23
327.me,2018/8/29
581.me,2018/8/29
839.me,2018/8/29
164.me,2018/9/2
906.me,2018/9/3
857.me,2018/9/9
078.me,2018/9/13
065.me,2018/9/16
908.me,2018/9/16
537.me,2018/9/19
705.me,2018/9/19
903.me,2018/9/19
973.me,2018/9/19
982.me,2018/9/19
357.me,2018/9/20
003.me,2018/9/21
113.me,2018/9/21
361.me,2018/9/21
546.me,2018/9/21
658.me,2018/9/21
573.me,2018/9/22
020.me,2018/9/23
021.me,2018/9/23
284.me,2018/9/23
413.me,2018/9/23
437.me,2018/9/23
475.me,2018/9/23
541.me,2018/9/23
641.me,2018/9/23
749.me,2018/9/23
793.me,2018/9/23
843.me,2018/9/23
847.me,2018/9/23
904.me,2018/9/23
941.me,2018/9/23
943.me,2018/9/23
966.me,2018/9/23
002.me,2018/9/24
027.me,2018/9/24
028.me,2018/9/24
029.me,2018/9/24
086.me,2018/9/24
128.me,2018/9/24
150.me,2018/9/24
158.me,2018/9/24
166.me,2018/9/24
204.me,2018/9/24
265.me,2018/9/24
369.me,2018/9/24
400.me,2018/9/24
588.me,2018/9/24
700.me,2018/9/24
866.me,2018/9/24
886.me,2018/9/24
900.me,2018/9/24
268.me,2018/9/26
511.me,2018/9/26
528.me,2018/9/26
699.me,2018/9/26
788.me,2018/9/26
138.me,2018/9/27
488.me,2018/9/27
747.me,2018/9/27
010.me,2018/9/28
125.me,2018/9/28
419.me,2018/9/28
596.me,2018/9/28
732.me,2018/9/28
738.me,2018/9/28
792.me,2018/9/28
827.me,2018/9/28
873.me,2018/9/28
126.me,2018/9/29
387.me,2018/9/29
702.me,2018/9/29
131.me,2018/9/30
592.me,2018/9/30
599.me,2018/9/30
669.me,2018/9/30
696.me,2018/9/30
363.me,2018/10/1
468.me,2018/10/1
542.me,2018/10/1
552.me,2018/10/1
828.me,2018/10/1
922.me,2018/10/1
977.me,2018/10/1
281.me,2018/10/2
300.me,2018/10/2
303.me,2018/10/2
337.me,2018/10/2
928.me,2018/10/2
959.me,2018/10/2
997.me,2018/10/2
088.me,2018/10/3
214.me,2018/10/3
753.me,2018/10/3
818.me,2018/10/3
910.me,2018/10/3
215.me,2018/10/4
246.me,2018/10/4
848.me,2018/10/4
060.me,2018/10/5
127.me,2018/10/5
137.me,2018/10/5
175.me,2018/10/5
210.me,2018/10/5
221.me,2018/10/5
340.me,2018/10/5
551.me,2018/10/5
615.me,2018/10/5
650.me,2018/10/5
737.me,2018/10/5
801.me,2018/10/5
880.me,2018/10/5
985.me,2018/10/5
987.me,2018/10/5
220.me,2018/10/6
423.me,2018/10/6
773.me,2018/10/6
865.me,2018/10/6
931.me,2018/10/6
368.me,2018/10/7
209.me,2018/10/9
239.me,2018/10/9
612.me,2018/10/9
708.me,2018/10/9
375.me,2018/10/10
817.me,2018/10/10
229.me,2018/10/11
352.me,2018/10/11
399.me,2018/10/11
562.me,2018/10/11
607.me,2018/10/11
691.me,2018/10/11
772.me,2018/10/11
779.me,2018/10/11
951.me,2018/10/11
445.me,2018/10/12
795.me,2018/10/12
026.me,2018/10/13
454.me,2018/10/13
874.me,2018/10/13
595.me,2018/10/14
602.me,2018/10/16
636.me,2018/10/16
415.me,2018/10/17
507.me,2018/10/19
589.me,2018/10/19
273.me,2018/10/21
367.me,2018/10/22
479.me,2018/10/22
341.me,2018/10/24
347.me,2018/10/24
459.me,2018/10/24
409.me,2018/10/27
469.me,2018/10/27
614.me,2018/10/27
776.me,2018/10/27
535.me,2018/10/28
073.me,2018/10/29
647.me,2018/10/29
823.me,2018/11/1
712.me,2018/11/2
226.me,2018/11/4
275.me,2018/11/4
538.me,2018/11/4
036.me,2018/11/5
061.me,2018/11/5
072.me,2018/11/5
408.me,2018/11/5
539.me,2018/11/11
041.me,2018/11/12
042.me,2018/11/12
043.me,2018/11/12
053.me,2018/11/12
062.me,2018/11/12
064.me,2018/11/12
759.me,2018/11/12
986.me,2018/11/12
644.me,2018/11/13
272.me,2018/11/15
067.me,2018/11/17
035.me,2018/11/19
052.me,2018/11/19
869.me,2018/11/19
096.me,2018/11/20
694.me,2018/11/22
079.me,2018/11/26
565.me,2018/11/26
074.me,2018/11/27
039.me,2018/12/1
527.me,2018/12/3
237.me,2018/12/8
254.me,2018/12/8
267.me,2018/12/8
289.me,2018/12/8
343.me,2018/12/8
093.me,2018/12/10
291.me,2018/12/10
159.me,2018/12/11
558.me,2018/12/11
885.me,2018/12/11
249.me,2018/12/12
745.me,2018/12/12
022.me,2018/12/13
023.me,2018/12/13
024.me,2018/12/13
025.me,2018/12/13
315.me,2018/12/13
608.me,2018/12/13
898.me,2018/12/13
484.me,2018/12/14
632.me,2018/12/14
775.me,2018/12/14
512.me,2018/12/15
594.me,2018/12/16
864.me,2018/12/16
068.me,2018/12/17
098.me,2018/12/18
586.me,2018/12/18
992.me,2018/12/18
530.me,2018/12/19
598.me,2018/12/19
912.me,2018/12/19
921.me,2018/12/19
923.me,2018/12/19
972.me,2018/12/19
296.me,2018/12/20
324.me,2018/12/20
342.me,2018/12/20
346.me,2018/12/20
349.me,2018/12/20
354.me,2018/12/20
362.me,2018/12/20
376.me,2018/12/20
384.me,2018/12/20
394.me,2018/12/20
396.me,2018/12/20
428.me,2018/12/20
433.me,2018/12/20
434.me,2018/12/20
436.me,2018/12/20
439.me,2018/12/20
448.me,2018/12/20
449.me,2018/12/20
452.me,2018/12/20
453.me,2018/12/20
457.me,2018/12/20
461.me,2018/12/20
462.me,2018/12/20
463.me,2018/12/20
466.me,2018/12/20
467.me,2018/12/20
471.me,2018/12/20
472.me,2018/12/20
474.me,2018/12/20
476.me,2018/12/20
482.me,2018/12/20
483.me,2018/12/20
485.me,2018/12/20
487.me,2018/12/20
491.me,2018/12/20
492.me,2018/12/20
493.me,2018/12/20
494.me,2018/12/20
496.me,2018/12/20
497.me,2018/12/20
498.me,2018/12/20
506.me,2018/12/20
534.me,2018/12/20
536.me,2018/12/20
544.me,2018/12/20
545.me,2018/12/20
547.me,2018/12/20
548.me,2018/12/20
549.me,2018/12/20
564.me,2018/12/20
574.me,2018/12/20
584.me,2018/12/20
621.me,2018/12/20
629.me,2018/12/20
634.me,2018/12/20
635.me,2018/12/20
637.me,2018/12/20
638.me,2018/12/20
643.me,2018/12/20
645.me,2018/12/20
648.me,2018/12/20
652.me,2018/12/20
653.me,2018/12/20
659.me,2018/12/20
664.me,2018/12/20
672.me,2018/12/20
673.me,2018/12/20
679.me,2018/12/20
681.me,2018/12/20
683.me,2018/12/20
684.me,2018/12/20
685.me,2018/12/20
687.me,2018/12/20
692.me,2018/12/20
693.me,2018/12/20
695.me,2018/12/20
698.me,2018/12/20
706.me,2018/12/20
709.me,2018/12/20
726.me,2018/12/20
734.me,2018/12/20
736.me,2018/12/20
741.me,2018/12/20
742.me,2018/12/20
743.me,2018/12/20
744.me,2018/12/20
746.me,2018/12/20
748.me,2018/12/20
756.me,2018/12/20
762.me,2018/12/20
764.me,2018/12/20
784.me,2018/12/20
794.me,2018/12/20
796.me,2018/12/20
802.me,2018/12/20
807.me,2018/12/20
816.me,2018/12/20
824.me,2018/12/20
826.me,2018/12/20
834.me,2018/12/20
836.me,2018/12/20
841.me,2018/12/20
842.me,2018/12/20
844.me,2018/12/20
846.me,2018/12/20
854.me,2018/12/20
862.me,2018/12/20
882.me,2018/12/20
894.me,2018/12/20
896.me,2018/12/20
926.me,2018/12/20
927.me,2018/12/20
932.me,2018/12/20
937.me,2018/12/20
938.me,2018/12/20
942.me,2018/12/20
946.me,2018/12/20
947.me,2018/12/20
948.me,2018/12/20
952.me,2018/12/20
953.me,2018/12/20
957.me,2018/12/20
974.me,2018/12/20
983.me,2018/12/20
984.me,2018/12/20
176.me,2018/12/22
786.me,2018/12/22
833.me,2018/12/22
875.me,2018/12/22
878.me,2018/12/22
890.me,2018/12/22
965.me,2018/12/22
990.me,2018/12/22
917.me,2018/12/23
102.me,2018/12/25
177.me,2018/12/25
217.me,2018/12/25
219.me,2018/12/25
480.me,2018/12/25
580.me,2018/12/25
625.me,2018/12/25
758.me,2018/12/25
901.me,2018/12/25
225.me,2018/12/26
325.me,2018/12/26
559.me,2018/12/26
610.me,2018/12/26
768.me,2018/12/26
771.me,2018/12/26
319.me,2018/12/27
386.me,2018/12/27
046.me,2018/12/28
170.me,2018/12/28
145.me,2018/12/29
316.me,2018/12/29
397.me,2018/12/29
414.me,2018/12/29
455.me,2018/12/29
516.me,2018/12/29
563.me,2018/12/29
815.me,2018/12/29
892.me,2018/12/29
929.me,2018/12/29
956.me,2018/12/29
146.me,2018/12/30
924.me,2019/1/1
353.me,2019/1/2
429.me,2019/1/2
504.me,2019/1/3
879.me,2019/1/3
944.me,2019/1/3
964.me,2019/1/3
144.me,2019/1/5
733.me,2019/1/5
809.me,2019/1/5
829.me,2019/1/5
261.me,2019/1/6
358.me,2019/1/6
531.me,2019/1/6
701.me,2019/1/7
739.me,2019/1/8
141.me,2019/1/9
649.me,2019/1/13
424.me,2019/1/14
464.me,2019/1/14
571.me,2019/1/14
958.me,2019/1/14
978.me,2019/1/14
359.me,2019/1/16
034.me,2019/1/17
037.me,2019/1/18
364.me,2019/1/18
000.me,2019/1/20
627.me,2019/1/21
729.me,2019/1/21
525.me,2019/1/25
298.me,2019/1/27
821.me,2019/2/4
523.me,2019/2/5
728.me,2019/2/5
421.me,2019/2/7
329.me,2019/2/9
587.me,2019/2/9
314.me,2019/2/15
058.me,2019/2/17
263.me,2019/2/18
426.me,2019/2/18
967.me,2019/2/18
447.me,2019/2/19
774.me,2019/2/19
981.me,2019/2/19
393.me,2019/2/20
148.me,2019/2/22
519.me,2019/2/22
812.me,2019/2/25
820.me,2019/2/25
961.me,2019/2/25
179.me,2019/2/26
870.me,2019/2/26
915.me,2019/2/26
916.me,2019/2/26
235.me,2019/3/7
257.me,2019/3/7
295.me,2019/3/10
860.me,2019/3/10
925.me,2019/3/10
310.me,2019/3/11
825.me,2019/3/11
077.me,2019/3/12
161.me,2019/3/13
201.me,2019/3/13
356.me,2019/3/13
377.me,2019/3/13
557.me,2019/3/13
603.me,2019/3/13
876.me,2019/3/13
129.me,2019/3/14
134.me,2019/3/14
755.me,2019/3/14
781.me,2019/3/14
832.me,2019/3/14
320.me,2019/3/15
616.me,2019/3/15
623.me,2019/3/15
717.me,2019/3/15
810.me,2019/3/15
919.me,2019/3/15
661.me,2019/3/16
662.me,2019/3/16
881.me,2019/3/16
282.me,2019/3/17
370.me,2019/3/17
292.me,2019/3/18
379.me,2019/3/18
891.me,2019/3/18
398.me,2019/3/20
663.me,2019/3/20
805.me,2019/3/20
047.me,2019/3/21
248.me,2019/3/21
328.me,2019/3/21
553.me,2019/3/21
582.me,2019/3/21
895.me,2019/3/21
208.me,2019/3/23
676.me,2019/3/23
887.me,2019/3/23
787.me,2019/3/24
835.me,2019/3/25
727.me,2019/3/26
317.me,2019/3/27
532.me,2019/3/27
033.me,2019/3/28
162.me,2019/3/28
460.me,2019/3/28
438.me,2019/3/30
051.me,2019/3/31
405.me,2019/3/31
710.me,2019/3/31
715.me,2019/3/31
236.me,2019/4/4
651.me,2019/4/4
822.me,2019/4/8
206.me,2019/4/11
308.me,2019/4/11
601.me,2019/4/11
251.me,2019/4/12
971.me,2019/4/12
849.me,2019/4/13
147.me,2019/4/20
149.me,2019/4/20
240.me,2019/4/20
260.me,2019/4/20
290.me,2019/4/20
450.me,2019/4/20
950.me,2019/4/20
905.me,2019/4/21
417.me,2019/4/27
111.me,2019/4/29
333.me,2019/4/29
626.me,2019/4/29
777.me,2019/4/29
016.me,2019/5/3
031.me,2019/5/3
015.me,2019/5/8
040.me,2019/5/8
045.me,2019/5/8
055.me,2019/5/8
066.me,2019/5/8
526.me,2019/5/10
556.me,2019/5/10
716.me,2019/5/10
859.me,2019/5/10
920.me,2019/5/10
930.me,2019/5/11
253.me,2019/5/17
613.me,2019/5/17
481.me,2019/5/30
713.me,2019/5/30
381.me,2019/5/31
837.me,2019/6/3
751.me,2019/6/4
451.me,2019/6/7
473.me,2019/6/12
081.me,2019/6/18
540.me,2019/6/19
092.me,2019/6/21
418.me,2019/7/5
435.me,2019/7/5
490.me,2019/7/5
803.me,2019/7/5
907.me,2019/7/5
979.me,2019/7/5
001.me,2019/7/9
339.me,2019/7/9
789.me,2019/7/9
112.me,2019/7/17
116.me,2019/7/17
446.me,2019/7/17
668.me,2019/7/17
761.me,2019/7/17
811.me,2019/7/17
868.me,2019/7/17
366.me,2019/7/18
501.me,2019/7/18
618.me,2019/7/18
714.me,2019/7/18
767.me,2019/7/18
902.me,2019/7/18
819.me,2019/7/20
416.me,2019/7/21
514.me,2019/7/21
297.me,2019/7/23
395.me,2019/7/23
893.me,2019/7/23
963.me,2019/7/23
499.me,2019/7/25
657.me,2019/7/25
665.me,2019/7/25
852.me,2019/7/26
933.me,2019/7/26
591.me,2019/7/28
307.me,2019/8/5
017.me,2019/8/7
478.me,2019/8/10
576.me,2019/8/13
769.me,2019/8/13
392.me,2019/8/14
259.me,2019/8/18
264.me,2019/8/19
674.me,2019/9/9
038.me,2019/9/16
071.me,2019/9/16
085.me,2019/9/16
089.me,2019/9/16
108.me,2019/9/22
853.me,2019/9/22
600.me,2019/9/23
778.me,2019/9/23
120.me,2019/9/24
785.me,2019/9/24
568.me,2019/9/26
286.me,2019/9/30
918.me,2019/10/2
993.me,2019/10/2
996.me,2019/10/2
205.me,2019/10/4
611.me,2019/10/4
813.me,2019/10/5
968.me,2019/10/5
939.me,2019/10/12
994.me,2019/10/16
083.me,2019/10/17
335.me,2019/10/22
936.me,2019/10/27
378.me,2019/11/1
782.me,2019/11/11
054.me,2019/11/12
094.me,2019/11/12
851.me,2019/11/17
872.me,2019/11/21
513.me,2019/11/22
752.me,2019/11/29
646.me,2019/12/14
285.me,2019/12/26
976.me,2020/2/2
765.me,2020/2/24
184.me,2020/2/25
486.me,2020/3/6
975.me,2020/3/12
100.me,2020/4/29
555.me,2020/4/29
666.me,2020/4/29
888.me,2020/4/29
203.me,2020/5/8
858.me,2020/5/21
757.me,2020/6/12
140.me,2020/7/18
293.me,2020/7/23
799.me,2020/7/25
989.me,2020/8/13
312.me,2020/10/10
578.me,2021/1/30
998.me,2021/2/27
797.me,2021/3/16
934.me,2021/6/2
274.me,2021/6/4
076.me,2021/6/18
188.me,2021/7/17
980.me,2021/7/18
406.me,2021/10/10
056.me,2021/12/28
509.me,2022/1/1
279.me,2022/6/4
123.me,2022/9/13
157.me,2022/9/23
160.me,2022/9/28
579.me,2022/10/1
720.me,2022/10/2
533.me,2022/10/6
299.me,2022/12/27
520.me,2023/5/22
143.me,2024/7/9
250.me,2024/7/9
521.me,2024/7/9
988.me,2024/7/17
877.me,2024/7/18
168.me,2024/7/28
365.me,2024/8/1
163.me,2024/8/15
911.me,2024/8/15
688.me,2024/9/23
288.me,2024/9/25
114.me,2024/10/25
867.me,2024/12/10
500.me,2024/12/21
444.me,2025/4/29
593.me,2025/5/27
139.me,2025/7/17
899.me,2025/7/17
233.me,2026/10/14
722.me,2026/11/13
404.me,2026/12/9
